season,round,race_name,date,time,circuit_id,circuit_name,city,country,lat,lng,url
2024,1,Bahrain Grand Prix,2024-03-02,15:00:00Z,bahrain,Bahrain International Circuit,Sakhir,Bahrain,26.0325,50.5106,https://en.wikipedia.org/wiki/2024_Bahrain_Grand_Prix
2024,2,Saudi Arabian Grand Prix,2024-03-09,17:00:00Z,jeddah,Jeddah Corniche Circuit,Jeddah,Saudi Arabia,21.6319,39.1044,https://en.wikipedia.org/wiki/2024_Saudi_Arabian_Grand_Prix
2024,3,Australian Grand Prix,2024-03-24,04:00:00Z,albert_park,Albert Park Grand Prix Circuit,Melbourne,Australia,-37.8497,144.968,https://en.wikipedia.org/wiki/2024_Australian_Grand_Prix
2024,4,Japanese Grand Prix,2024-04-07,05:00:00Z,suzuka,Suzuka Circuit,Suzuka,Japan,34.8431,136.541,https://en.wikipedia.org/wiki/2024_Japanese_Grand_Prix
2024,5,Chinese Grand Prix,2024-04-21,07:00:00Z,shanghai,Shanghai International Circuit,Shanghai,China,31.3389,121.22,https://en.wikipedia.org/wiki/2024_Chinese_Grand_Prix
2024,6,Miami Grand Prix,2024-05-05,20:00:00Z,miami,Miami International Autodrome,Miami,USA,25.9581,-80.2389,https://en.wikipedia.org/wiki/2024_Miami_Grand_Prix
2024,7,Emilia Romagna Grand Prix,2024-05-19,13:00:00Z,imola,Autodromo Enzo e Dino Ferrari,Imola,Italy,44.3439,11.7167,https://en.wikipedia.org/wiki/2024_Emilia_Romagna_Grand_Prix
2024,8,Monaco Grand Prix,2024-05-26,13:00:00Z,monaco,Circuit de Monaco,Monte Carlo,Monaco,43.7347,7.42056,https://en.wikipedia.org/wiki/2024_Monaco_Grand_Prix
2024,9,Canadian Grand Prix,2024-06-09,18:00:00Z,villeneuve,Circuit Gilles Villeneuve,Montreal,Canada,45.5,-73.5228,https://en.wikipedia.org/wiki/2024_Canadian_Grand_Prix
2024,10,Spanish Grand Prix,2024-06-23,13:00:00Z,catalunya,Circuit de Barcelona-Catalunya,Barcelona,Spain,41.57,2.26111,https://en.wikipedia.org/wiki/2024_Spanish_Grand_Prix
2024,11,Austrian Grand Prix,2024-06-30,13:00:00Z,red_bull_ring,Red Bull Ring,Spielberg,Austria,47.2197,14.7647,https://en.wikipedia.org/wiki/2024_Austrian_Grand_Prix
2024,12,British Grand Prix,2024-07-07,14:00:00Z,silverstone,Silverstone Circuit,Silverstone,UK,52.0786,-1.01694,https://en.wikipedia.org/wiki/2024_British_Grand_Prix
2024,13,Hungarian Grand Prix,2024-07-21,13:00:00Z,hungaroring,Hungaroring,Budapest,Hungary,47.5789,19.2486,https://en.wikipedia.org/wiki/2024_Hungarian_Grand_Prix
2024,14,Belgian Grand Prix,2024-07-28,13:00:00Z,spa,Circuit de Spa-Francorchamps,Spa,Belgium,50.4372,5.97139,https://en.wikipedia.org/wiki/2024_Belgian_Grand_Prix
2024,15,Dutch Grand Prix,2024-08-25,13:00:00Z,zandvoort,Circuit Park Zandvoort,Zandvoort,Netherlands,52.3888,4.54092,https://en.wikipedia.org/wiki/2024_Dutch_Grand_Prix
2024,16,Italian Grand Prix,2024-09-01,13:00:00Z,monza,Autodromo Nazionale di Monza,Monza,Italy,45.6156,9.28111,https://en.wikipedia.org/wiki/2024_Italian_Grand_Prix
2024,17,Azerbaijan Grand Prix,2024-09-15,11:00:00Z,baku,Baku City Circuit,Baku,Azerbaijan,40.3725,49.8533,https://en.wikipedia.org/wiki/2024_Azerbaijan_Grand_Prix
2024,18,Singapore Grand Prix,2024-09-22,12:00:00Z,marina_bay,Marina Bay Street Circuit,Marina Bay,Singapore,1.2914,103.864,https://en.wikipedia.org/wiki/2024_Singapore_Grand_Prix
2024,19,United States Grand Prix,2024-10-20,19:00:00Z,americas,Circuit of the Americas,Austin,USA,30.1328,-97.6411,https://en.wikipedia.org/wiki/2024_United_States_Grand_Prix
2024,20,Mexico City Grand Prix,2024-10-27,20:00:00Z,rodriguez,Autódromo Hermanos Rodríguez,Mexico City,Mexico,19.4042,-99.0907,https://en.wikipedia.org/wiki/2024_Mexico_City_Grand_Prix
2024,21,São Paulo Grand Prix,2024-11-03,17:00:00Z,interlagos,Autódromo José Carlos Pace,São Paulo,Brazil,-23.7036,-46.6997,https://en.wikipedia.org/wiki/2024_S%C3%A3o_Paulo_Grand_Prix
2024,22,Las Vegas Grand Prix,2024-11-23,06:00:00Z,vegas,Las Vegas Strip Street Circuit,Las Vegas,USA,36.1147,-115.173,https://en.wikipedia.org/wiki/2024_Las_Vegas_Grand_Prix
2024,23,Qatar Grand Prix,2024-12-01,16:00:00Z,losail,Losail International Circuit,Lusail,Qatar,25.49,51.4542,https://en.wikipedia.org/wiki/2024_Qatar_Grand_Prix
2024,24,Abu Dhabi Grand Prix,2024-12-08,13:00:00Z,yas_marina,Yas Marina Circuit,Abu Dhabi,UAE,24.4672,54.6031,https://en.wikipedia.org/wiki/2024_Abu_Dhabi_Grand_Prix
2025,1,Australian Grand Prix,2025-03-16,04:00:00Z,albert_park,Albert Park Grand Prix Circuit,Melbourne,Australia,-37.8497,144.968,https://en.wikipedia.org/wiki/2025_Australian_Grand_Prix
2025,2,Chinese Grand Prix,2025-03-23,07:00:00Z,shanghai,Shanghai International Circuit,Shanghai,China,31.3389,121.22,https://en.wikipedia.org/wiki/2025_Chinese_Grand_Prix
2025,3,Japanese Grand Prix,2025-04-06,05:00:00Z,suzuka,Suzuka Circuit,Suzuka,Japan,34.8431,136.541,https://en.wikipedia.org/wiki/2025_Japanese_Grand_Prix
2025,4,Bahrain Grand Prix,2025-04-13,15:00:00Z,bahrain,Bahrain International Circuit,Sakhir,Bahrain,26.0325,50.5106,https://en.wikipedia.org/wiki/2025_Bahrain_Grand_Prix
2025,5,Saudi Arabian Grand Prix,2025-04-20,17:00:00Z,jeddah,Jeddah Corniche Circuit,Jeddah,Saudi Arabia,21.6319,39.1044,https://en.wikipedia.org/wiki/2025_Saudi_Arabian_Grand_Prix
2025,6,Miami Grand Prix,2025-05-04,20:00:00Z,miami,Miami International Autodrome,Miami,USA,25.9581,-80.2389,https://en.wikipedia.org/wiki/2025_Miami_Grand_Prix
2025,7,Emilia Romagna Grand Prix,2025-05-18,13:00:00Z,imola,Autodromo Enzo e Dino Ferrari,Imola,Italy,44.3439,11.7167,https://en.wikipedia.org/wiki/2025_Emilia_Romagna_Grand_Prix
2025,8,Monaco Grand Prix,2025-05-25,13:00:00Z,monaco,Circuit de Monaco,Monte Carlo,Monaco,43.7347,7.42056,https://en.wikipedia.org/wiki/2025_Monaco_Grand_Prix
2025,9,Spanish Grand Prix,2025-06-01,13:00:00Z,catalunya,Circuit de Barcelona-Catalunya,Barcelona,Spain,41.57,2.26111,https://en.wikipedia.org/wiki/2025_Spanish_Grand_Prix
2025,10,Canadian Grand Prix,2025-06-15,18:00:00Z,villeneuve,Circuit Gilles Villeneuve,Montreal,Canada,45.5,-73.5228,https://en.wikipedia.org/wiki/2025_Canadian_Grand_Prix
2025,11,Austrian Grand Prix,2025-06-29,13:00:00Z,red_bull_ring,Red Bull Ring,Spielberg,Austria,47.2197,14.7647,https://en.wikipedia.org/wiki/2025_Austrian_Grand_Prix
2025,12,British Grand Prix,2025-07-06,14:00:00Z,silverstone,Silverstone Circuit,Silverstone,UK,52.0786,-1.01694,https://en.wikipedia.org/wiki/2025_British_Grand_Prix
2025,13,Belgian Grand Prix,2025-07-27,13:00:00Z,spa,Circuit de Spa-Francorchamps,Spa,Belgium,50.4372,5.97139,https://en.wikipedia.org/wiki/2025_Belgian_Grand_Prix
2025,14,Hungarian Grand Prix,2025-08-03,13:00:00Z,hungaroring,Hungaroring,Budapest,Hungary,47.5789,19.2486,https://en.wikipedia.org/wiki/2025_Hungarian_Grand_Prix
2025,15,Dutch Grand Prix,2025-08-31,13:00:00Z,zandvoort,Circuit Park Zandvoort,Zandvoort,Netherlands,52.3888,4.54092,https://en.wikipedia.org/wiki/2025_Dutch_Grand_Prix
2025,16,Italian Grand Prix,2025-09-07,13:00:00Z,monza,Autodromo Nazionale di Monza,Monza,Italy,45.6156,9.28111,https://en.wikipedia.org/wiki/2025_Italian_Grand_Prix
2025,17,Azerbaijan Grand Prix,2025-09-21,11:00:00Z,baku,Baku City Circuit,Baku,Azerbaijan,40.3725,49.8533,https://en.wikipedia.org/wiki/2025_Azerbaijan_Grand_Prix
2025,18,Singapore Grand Prix,2025-10-05,12:00:00Z,marina_bay,Marina Bay Street Circuit,Marina Bay,Singapore,1.2914,103.864,https://en.wikipedia.org/wiki/2025_Singapore_Grand_Prix
2025,19,United States Grand Prix,2025-10-19,19:00:00Z,americas,Circuit of the Americas,Austin,USA,30.1328,-97.6411,https://en.wikipedia.org/wiki/2025_United_States_Grand_Prix
2025,20,Mexico City Grand Prix,2025-10-26,20:00:00Z,rodriguez,Autódromo Hermanos Rodríguez,Mexico City,Mexico,19.4042,-99.0907,https://en.wikipedia.org/wiki/2025_Mexico_City_Grand_Prix
2025,21,São Paulo Grand Prix,2025-11-09,17:00:00Z,interlagos,Autódromo José Carlos Pace,São Paulo,Brazil,-23.7036,-46.6997,https://en.wikipedia.org/wiki/2025_S%C3%A3o_Paulo_Grand_Prix
2025,22,Las Vegas Grand Prix,2025-11-23,04:00:00Z,vegas,Las Vegas Strip Street Circuit,Las Vegas,USA,36.1147,-115.173,https://en.wikipedia.org/wiki/2025_Las_Vegas_Grand_Prix
2025,23,Qatar Grand Prix,2025-11-30,16:00:00Z,losail,Losail International Circuit,Lusail,Qatar,25.49,51.4542,https://en.wikipedia.org/wiki/2025_Qatar_Grand_Prix
2025,24,Abu Dhabi Grand Prix,2025-12-07,13:00:00Z,yas_marina,Yas Marina Circuit,Abu Dhabi,UAE,24.4672,54.6031,https://en.wikipedia.org/wiki/2025_Abu_Dhabi_Grand_Prix
2026,1,Australian Grand Prix,2026-03-08,04:00:00Z,albert_park,Albert Park Grand Prix Circuit,Melbourne,Australia,-37.8497,144.968,https://en.wikipedia.org/wiki/2026_Australian_Grand_Prix
2026,2,Chinese Grand Prix,2026-03-15,07:00:00Z,shanghai,Shanghai International Circuit,Shanghai,China,31.3389,121.22,https://en.wikipedia.org/wiki/2026_Chinese_Grand_Prix
2026,3,Japanese Grand Prix,2026-03-29,05:00:00Z,suzuka,Suzuka Circuit,Suzuka,Japan,34.8431,136.541,https://en.wikipedia.org/wiki/2026_Japanese_Grand_Prix
2026,4,Miami Grand Prix,2026-05-03,20:00:00Z,miami,Miami International Autodrome,Miami,USA,25.9581,-80.2389,https://en.wikipedia.org/wiki/2026_Miami_Grand_Prix
2026,5,Canadian Grand Prix,2026-05-24,20:00:00Z,villeneuve,Circuit Gilles Villeneuve,Montreal,Canada,45.5,-73.5228,https://en.wikipedia.org/wiki/2026_Canadian_Grand_Prix
2026,6,Monaco Grand Prix,2026-06-07,13:00:00Z,monaco,Circuit de Monaco,Monte Carlo,Monaco,43.7347,7.42056,https://en.wikipedia.org/wiki/2026_Monaco_Grand_Prix
2026,7,Barcelona Grand Prix,2026-06-14,13:00:00Z,catalunya,Circuit de Barcelona-Catalunya,Barcelona,Spain,41.57,2.26111,https://en.wikipedia.org/wiki/2026_Barcelona-Catalunya
2026,8,Austrian Grand Prix,2026-06-28,13:00:00Z,red_bull_ring,Red Bull Ring,Spielberg,Austria,47.2197,14.7647,https://en.wikipedia.org/wiki/2026_Austrian_Grand_Prix
2026,9,British Grand Prix,2026-07-05,14:00:00Z,silverstone,Silverstone Circuit,Silverstone,UK,52.0786,-1.01694,https://en.wikipedia.org/wiki/2026_British_Grand_Prix
2026,10,Belgian Grand Prix,2026-07-19,13:00:00Z,spa,Circuit de Spa-Francorchamps,Spa,Belgium,50.4372,5.97139,https://en.wikipedia.org/wiki/2026_Belgian_Grand_Prix
2026,11,Hungarian Grand Prix,2026-07-26,13:00:00Z,hungaroring,Hungaroring,Budapest,Hungary,47.5789,19.2486,https://en.wikipedia.org/wiki/2026_Hungarian_Grand_Prix
2026,12,Dutch Grand Prix,2026-08-23,13:00:00Z,zandvoort,Circuit Park Zandvoort,Zandvoort,Netherlands,52.3888,4.54092,https://en.wikipedia.org/wiki/2026_Dutch_Grand_Prix
2026,13,Italian Grand Prix,2026-09-06,13:00:00Z,monza,Autodromo Nazionale di Monza,Monza,Italy,45.6156,9.28111,https://en.wikipedia.org/wiki/2026_Italian_Grand_Prix
2026,14,Spanish Grand Prix,2026-09-13,13:00:00Z,madring,Madring,Madrid,Spain,40.46528,-3.61528,https://en.wikipedia.org/wiki/2026_Spanish_Grand_Prix
2026,15,Azerbaijan Grand Prix,2026-09-26,11:00:00Z,baku,Baku City Circuit,Baku,Azerbaijan,40.3725,49.8533,https://en.wikipedia.org/wiki/2026_Azerbaijan_Grand_Prix
2026,16,Singapore Grand Prix,2026-10-11,12:00:00Z,marina_bay,Marina Bay Street Circuit,Marina Bay,Singapore,1.2914,103.864,https://en.wikipedia.org/wiki/2026_Singapore_Grand_Prix
2026,17,United States Grand Prix,2026-10-25,20:00:00Z,americas,Circuit of the Americas,Austin,USA,30.1328,-97.6411,https://en.wikipedia.org/wiki/2026_United_States_Grand_Prix
2026,18,Mexico City Grand Prix,2026-11-01,20:00:00Z,rodriguez,Autódromo Hermanos Rodríguez,Mexico City,Mexico,19.4042,-99.0907,https://en.wikipedia.org/wiki/2026_Mexico_City_Grand_Prix
2026,19,Brazilian Grand Prix,2026-11-08,17:00:00Z,interlagos,Autódromo José Carlos Pace,São Paulo,Brazil,-23.7036,-46.6997,https://en.wikipedia.org/wiki/2026_Brazilian_Grand_Prix
2026,20,Las Vegas Grand Prix,2026-11-22,04:00:00Z,vegas,Las Vegas Strip Street Circuit,Las Vegas,USA,36.1147,-115.173,https://en.wikipedia.org/wiki/2026_Las_Vegas_Grand_Prix
2026,21,Qatar Grand Prix,2026-11-29,16:00:00Z,losail,Losail International Circuit,Lusail,Qatar,25.49,51.4542,https://en.wikipedia.org/wiki/2026_Qatar_Grand_Prix
2026,22,Abu Dhabi Grand Prix,2026-12-06,13:00:00Z,yas_marina,Yas Marina Circuit,Abu Dhabi,UAE,24.4672,54.6031,https://en.wikipedia.org/wiki/2026_Abu_Dhabi_Grand_Prix
